{
  "baseline_uuas": 0.23382989559460143,
  "unsupervised_mst_proper_uuas": 0.5540461988991401,
  "unsupervised_weighted_walk_uuas": 0.24556787167081282,
  "supervised_uuas": 0.8718938332908921,
  "training_losses_mst": [
    2.607051907799756,
    1.3340619021358016,
    1.1066882581067965,
    0.9489257775653058,
    0.8041553297438301,
    0.7428063771639688,
    0.6639682601552266,
    0.6157740388596908,
    0.5718619893185604,
    0.5591887359519322,
    0.5267893763629194,
    0.49323357436328363,
    0.4795680159093955,
    0.4599011164630214,
    0.429869177703483,
    0.40031750817807055,
    0.3937213645877842,
    0.4005835965001144,
    0.38356051073433495,
    0.3737495089463221,
    0.3702036452700551,
    0.34947448750981724,
    0.3421487784048972,
    0.35287165270449644,
    0.3453140757673492,
    0.34449564941072214,
    0.33712913069533756,
    0.33988903937801623,
    0.32950319688862717,
    0.33114045907934314,
    0.3123562900791279,
    0.323981745637213,
    0.3209628666160055,
    0.301453952701428,
    0.3031757094730169,
    0.29250583523669493,
    0.29082074148866993,
    0.2952987669238773,
    0.2915517761766051,
    0.289347525103949,
    0.28765234276532936,
    0.289130389612789,
    0.2901042769633186,
    0.28389461085988354,
    0.2795348478725944,
    0.2729129255749285,
    0.2649655755182418,
    0.27413205090963927,
    0.2580474038512852,
    0.2678023834581463
  ],
  "training_losses_walk": [
    2.8378349809596934,
    2.0154489743260617,
    1.910109876583402,
    1.9165775757521772,
    1.843885298495969,
    1.854928140862821,
    1.8148834304167674,
    1.7992987198134263,
    1.8382748568143983,
    1.8451769785979428,
    1.8358287420482016,
    1.7661609187578926,
    1.8100097914321873,
    1.8324405134010773,
    1.8365499281491606,
    1.8057657422450109,
    1.8623531049069686,
    1.8312898971713507,
    1.7884202425917373,
    1.7780447226160994,
    1.8377536902060876,
    1.843134709705527,
    1.783260318211829,
    1.8366119175528486,
    1.8308219285681844,
    1.8527976120941532,
    1.7544801133708694,
    1.7252720980427394,
    1.8214929979533339,
    1.8022830383374522,
    1.8370158693347223,
    1.7579637521471925,
    1.7798797244874713,
    1.8378248929750556,
    1.7806614672359176,
    1.810273042569558,
    1.7884075678646183,
    1.7865848710091832,
    1.7880073399163592,
    1.7876996722442504,
    1.7377463143486052,
    1.8127951877287183,
    1.868558463986772,
    1.8140607366863735,
    1.7698331515615184,
    1.7394025150973063,
    1.8268899185051664,
    1.7851543875458913,
    1.7941677113278554,
    1.8771571532512705
  ],
  "dev_scores_mst": [
    0.473685615258649,
    0.5773190292853215,
    0.5940835381846619,
    0.5667337656101701,
    0.5779519169968609,
    0.5528173449521765,
    0.5416908933762866,
    0.566829456436198,
    0.5482424566694231,
    0.5598137817238942,
    0.5479520791318545,
    0.5537303208651524,
    0.5648764157191123,
    0.547746448308246,
    0.5385517728214357,
    0.5455015334228818,
    0.5365916542882835,
    0.529188819919157,
    0.5414036961789772,
    0.5582806082806082,
    0.5418453893172994,
    0.5447626343693759,
    0.5413945293158776,
    0.5215215496114373,
    0.5471353552814227,
    0.5288400426040876,
    0.5388909155763089,
    0.5371545433343187,
    0.5230079533450319,
    0.547923019552233,
    0.5345684278268548,
    0.5408219433500333,
    0.533960951657581,
    0.5400778996284614,
    0.5362392289358582,
    0.5488544850904401,
    0.535226134664337,
    0.5451272822059339,
    0.529324982133971,
    0.5444564798497383,
    0.5455056491573345,
    0.5499494575337271,
    0.5462976474212429,
    0.5420529532889083,
    0.5512042264851253,
    0.5391543849409017,
    0.5457700227363149,
    0.5363540329832465,
    0.5465013762766572,
    0.5312661121649885
  ],
  "dev_scores_walk": [
    0.3923625064074502,
    0.3002621286329152,
    0.3031146444067792,
    0.28494807315032034,
    0.27039854652214207,
    0.2990452743261732,
    0.27318627065818074,
    0.2528237991721138,
    0.24554534105095902,
    0.24352074267804608,
    0.24903167993055636,
    0.2598308682578346,
    0.24780868320194163,
    0.24526855790900734,
    0.23552580378423077,
    0.2620174769051174,
    0.2587597483664899,
    0.2418322626187795,
    0.23150164442299276,
    0.22147312737200375,
    0.272953606942371,
    0.26343229180307837,
    0.2651047454418241,
    0.24419940234546975,
    0.255127113834979,
    0.2580787190337752,
    0.21464587223014192,
    0.24227738553581252,
    0.22214773366458757,
    0.24888257809606126,
    0.23192163641601848,
    0.2413427708371529,
    0.23265598321778097,
    0.22603136563810722,
    0.228931773594695,
    0.2327252647477367,
    0.23253503674851989,
    0.24642545344792535,
    0.24404799320529655,
    0.23721496979923945,
    0.23762841403290844,
    0.21658391546032,
    0.2613205458711077,
    0.250200735593994,
    0.2246196063611794,
    0.21384695204919926,
    0.22610463818328988,
    0.23790482301718258,
    0.23466726781333527,
    0.22458717936246023
  ],
  "n_train": 624,
  "n_dev": 89,
  "n_test": 68,
  "n_epochs_mst": 50,
  "n_epochs_walk": 50,
  "improvements": {
    "mst_improvement_over_baseline": 0.32021630330453865,
    "walk_improvement_over_baseline": 0.011737976076211382,
    "gap_to_supervised_mst": 0.317847634391752,
    "gap_to_supervised_walk": 0.6263259616200793
  }
}