{
  "baseline_uuas": 0.23382989559460143,
  "unsupervised_mst_proper_uuas": 0.6004172706378588,
  "unsupervised_weighted_walk_uuas": 0.22419222933928815,
  "supervised_uuas": 0.8718938332908921,
  "training_losses_mst": [
    2.596902314048165,
    1.3333799291927464,
    1.1321972885933251,
    0.9275465628120284,
    0.8500295948619262,
    0.743951572976911,
    0.644317956521916,
    0.5792801630659363,
    0.5519352577483425,
    0.5242080371289586,
    0.4996625853654666,
    0.4683450364615195,
    0.44196626176991954,
    0.4236123389027153,
    0.4087547335284165,
    0.4040886456779658,
    0.3792535113111043,
    0.3654961709652502,
    0.3579912894757656,
    0.3567027053736055,
    0.33756972500123084,
    0.3485743441553309,
    0.33250365431945866,
    0.3245986126130447,
    0.32248078038892114,
    0.31729581830605197,
    0.3066165710393435,
    0.3103624736555876,
    0.310494741359248,
    0.30125350047213334,
    0.28324422113692915,
    0.2833693665720952,
    0.28635383003021186,
    0.2858691801979708,
    0.2795117795556927,
    0.28114515021204567,
    0.29098190254985523,
    0.2762571402156773,
    0.27329839670057526,
    0.27637045183636916,
    0.2706940496453824,
    0.27420405523541075,
    0.2707843206321391,
    0.27665559155866504,
    0.2649174794757691,
    0.2749943000664457,
    0.2650527032510115,
    0.2683093709220441,
    0.2571672869052213,
    0.2666082094701079
  ],
  "training_losses_walk": [
    2.8378490117402415,
    2.015453482906406,
    1.9101156138886626,
    1.9165850456039875,
    1.858787142361204,
    1.8462457040038247,
    1.8106070215312333,
    1.8160062768998055,
    1.8420442749674504,
    1.8321446904148428,
    1.8415001068288126,
    1.7587320645674107,
    1.8313312409087443,
    1.8373957853764296,
    1.8522820938378572,
    1.8187528796111927,
    1.8581439420246544,
    1.836816430115738,
    1.7767527615412688,
    1.7544832131228385,
    1.8463730060328276,
    1.8541619278108463,
    1.8089516623757589,
    1.8344495919867394,
    1.7963009391171045,
    1.8813960113299963,
    1.775783416468841,
    1.7384613579951036,
    1.8050203077877178,
    1.7971989889032183,
    1.8209006909328775,
    1.7660678271443033,
    1.7982226245535107,
    1.8209643371295756,
    1.768777283690631,
    1.827006086659355,
    1.7783357652907188,
    1.7938315707843941,
    1.804758850294046,
    1.776489769251874,
    1.7325645899818016,
    1.7674684900647173,
    1.8707200760762088,
    1.7978310531769426,
    1.7997496572967906,
    1.7630430578898926,
    1.8374181602580042,
    1.8079575873099458,
    1.756723459236897,
    1.8908843743758132
  ],
  "dev_scores_mst": [
    0.47201565600442,
    0.6181500147792282,
    0.6249001622597128,
    0.6325429564193609,
    0.6205604008974795,
    0.5912026487869184,
    0.6044708412685941,
    0.5808736207612613,
    0.5982809949102083,
    0.580572236752012,
    0.5942245644492835,
    0.599763127010318,
    0.6116348071404251,
    0.5877655428217226,
    0.6001877959743128,
    0.5656579375680498,
    0.5873038946072654,
    0.5729238614070075,
    0.5943510609240946,
    0.5812594708662124,
    0.5665728778088328,
    0.5663889793103276,
    0.5796510917297433,
    0.5759408506599518,
    0.5638986169885046,
    0.5618855551439821,
    0.5611340906284725,
    0.567231675939541,
    0.5606895913075688,
    0.569808188066615,
    0.5606615918413671,
    0.5588777015743308,
    0.5555298945748384,
    0.5472748225557215,
    0.553411600883511,
    0.559131442839308,
    0.5506434264861231,
    0.5572382673506269,
    0.552378832154113,
    0.5515900454102701,
    0.5460862171536328,
    0.5321905934265485,
    0.5456316779350487,
    0.5434107091410463,
    0.5538235796662763,
    0.5550428036383092,
    0.5505553435328716,
    0.54751471998663,
    0.5357708147033989,
    0.5542900919305414
  ],
  "dev_scores_walk": [
    0.3923625064074502,
    0.3002621286329152,
    0.3031146444067792,
    0.28494807315032034,
    0.2735541923744171,
    0.2811964876571619,
    0.29338585883529705,
    0.24343499821027909,
    0.2604259660439436,
    0.23968961749860632,
    0.2350868856486834,
    0.27163532472521235,
    0.2541586690463095,
    0.24964349009292827,
    0.23108788839125918,
    0.28108470805100016,
    0.262591434782446,
    0.22955895540165205,
    0.23458174160421355,
    0.22074012130191908,
    0.2641163143972133,
    0.2491191704674851,
    0.2640516786584202,
    0.2259542579767299,
    0.2560240009678212,
    0.2386114509710015,
    0.2150559490447131,
    0.24319192043911148,
    0.23373237249641743,
    0.2344159273934555,
    0.2297373350744137,
    0.2406372653563665,
    0.24833449945809496,
    0.2440857519509205,
    0.23096248320967422,
    0.254230444960782,
    0.24869724532645884,
    0.24757262088722762,
    0.25788001012720113,
    0.23142531625677693,
    0.23718329111587538,
    0.23588549403156148,
    0.2671547241771961,
    0.25027774971595196,
    0.23738948317600006,
    0.24736306140800524,
    0.24280906359558047,
    0.239861231153366,
    0.22309298067725036,
    0.22361390170378934
  ],
  "n_train": 624,
  "n_dev": 89,
  "n_test": 68,
  "n_epochs_mst": 50,
  "n_epochs_walk": 50,
  "improvements": {
    "mst_improvement_over_baseline": 0.36658737504325734,
    "walk_improvement_over_baseline": -0.009637666255313287,
    "gap_to_supervised_mst": 0.2714765626530333,
    "gap_to_supervised_walk": 0.6477016039516039
  }
}