{
  "baseline_uuas": 0.18183208756727268,
  "unsupervised_mst_uuas": 0.15376315545286026,
  "supervised_uuas": 0.16170916293065596,
  "training_losses": [
    15392.71663545971,
    12269.716845747962,
    10220.547173618284,
    8739.038017784378,
    7603.397011889133,
    6699.475760579876,
    5960.630780685046,
    5343.413302054637,
    4818.32828305247,
    4366.607628576246,
    3973.661829028029,
    3627.5121926832244,
    3321.090658224647,
    3047.710435263053,
    2802.9300815102374,
    2582.9348416078847,
    2383.804302569373,
    2203.33053434738,
    2039.1689494039292,
    1888.9878005631151,
    1752.0246423838662,
    1626.3207162343876,
    1510.9576843093578,
    1404.5820166217395,
    1306.7614924743484,
    1216.3719686572983,
    1132.784593181067,
    1055.617085151217,
    983.7865058751803,
    917.3623418256271,
    855.649247708071,
    798.5421357448217,
    745.3115888443203,
    695.7867600236933,
    649.7490906273148,
    606.8018296261902,
    566.8359169727953,
    529.5791975499513,
    494.84557277024396,
    462.3974240025432,
    432.0125435040126,
    403.7755082430809,
    377.41557733940357,
    352.7062152568302,
    329.64514772644606,
    308.1037926844657,
    287.9322530082654,
    269.0340007925603,
    251.40526855178007,
    234.83865952732586
  ],
  "dev_scores": [
    0.1795915944671419,
    0.17750419444404,
    0.17335468381870253,
    0.17097676496651426,
    0.16947166623575857,
    0.170545755545142,
    0.17203761502117237,
    0.1711368117271236,
    0.170254346778973,
    0.17025811672700597,
    0.1680831040273293,
    0.16763526854541919,
    0.16720357794604568,
    0.16599722697637634,
    0.16572848763911968,
    0.1654468201426972,
    0.16679457094605665,
    0.16542882118091665,
    0.16633982582667736,
    0.1656251325895194,
    0.16609876411941654,
    0.16561337552427183,
    0.1639148676600066,
    0.16293310604880867,
    0.16464171311165945,
    0.16456586960154881,
    0.16521707841626854,
    0.16431340393834729,
    0.16247675908982823,
    0.16432968196045858,
    0.16225459749208143,
    0.16204465579182412,
    0.16263384471942766,
    0.16278077292315946,
    0.16451268520026543,
    0.16382670959050932,
    0.1611475998149618,
    0.16013000851854395,
    0.15867037995167005,
    0.15657189186152598,
    0.1555979758723661,
    0.15584841141243577,
    0.1552404382274408,
    0.15601845959275357,
    0.15588937591622973,
    0.15528786868362493,
    0.15680258025931212,
    0.15557027909520735,
    0.15661105430559102,
    0.1545334517626483
  ],
  "n_train": 1089,
  "n_dev": 164,
  "n_test": 142,
  "n_epochs": 50
}