{
  "baseline_uuas": 0.30270615822086405,
  "unsupervised_mst_uuas": 0.2734371021135727,
  "supervised_uuas": 0.8939768564768564,
  "training_losses": [
    3.6960047198316226,
    1.9062054934314427,
    1.6564837236357375,
    1.4596052134517008,
    1.3357580276982237,
    1.246114303851918,
    1.1533679615747996,
    1.0900380843399593,
    1.0163905229546333,
    0.9798037849739044,
    0.949932819189062,
    0.9073307202212536,
    0.8806901300700608,
    0.8502191538244892,
    0.8141073236698643,
    0.7964492634517881,
    0.764737549246862,
    0.7382154595256091,
    0.7143764042904457,
    0.7033187174812878,
    0.6914103710643338,
    0.6733817374856116,
    0.6569534872918993,
    0.6495163520101834,
    0.6329021929652813,
    0.6146105498561295,
    0.6010325070230278,
    0.5953992645835313,
    0.588144255638233,
    0.579603992359271,
    0.5747534776019165,
    0.5664072047936946,
    0.5621994307319909,
    0.5507579709407694,
    0.547538707957406,
    0.5433474244708076,
    0.534620085874056,
    0.5241619606382207,
    0.5194374836663394,
    0.5120382746069644
  ],
  "dev_scores": [
    0.29758952034232933,
    0.3387774522605983,
    0.34118852433459174,
    0.32611539521651883,
    0.3207181707181707,
    0.32700277250839044,
    0.32285520347318103,
    0.3196269710314654,
    0.31651507044765476,
    0.3083875238369621,
    0.3061002044148112,
    0.3008827003209026,
    0.3097068973473468,
    0.30553422856793644,
    0.3041620364654073,
    0.30229966662550933,
    0.2928244975997785,
    0.29851746256240635,
    0.2945663574877058,
    0.2939461911372024,
    0.29289462098450864,
    0.28554289031817126,
    0.28441929481255324,
    0.28132454312229593,
    0.285810413057604,
    0.28754931086391755,
    0.28811597266653444,
    0.2876347123538135,
    0.28952046704855694,
    0.2906139428611339,
    0.29163539332078664,
    0.2956441810374395,
    0.2915867528227079,
    0.2942619802170364,
    0.29238932104100646,
    0.28926822241428984,
    0.2914938058196485,
    0.2872003464700094,
    0.28901126962924717,
    0.2866470608043642
  ],
  "n_train": 624,
  "n_dev": 89,
  "n_test": 68,
  "n_epochs": 40
}